{"SaleType": {"class_counts": [["WD", 127], ["New", 10], ["COD", 4], ["ConLD", 2], ["CWD", 1], ["ConLI", 1]], "avg_precision": 0.26989920055613487, "avg_recall": 0.24606299212598426, "avg_f1": 0.25460487225193107, "avg_accuracy": 0.8896551724137931, "weighted_precision": 0.8420121534644565, "weighted_recall": 0.8896551724137931, "weighted_f1": 0.8633474706497019, "weighted_accuracy": 0.8896551724137931, "class_precision": [0.9051094890510949, 0.7142857142857143, 0.0, 0.0, 0.0, 0.0], "class_recall": [0.9763779527559056, 0.5, 0.0, 0.0, 0.0, 0.0], "class_f1": [0.9393939393939394, 0.588235294117647, 0.0, 0.0, 0.0, 0.0], "class_accuracy": 0.8896551724137931, "num_classes": 6, "num_applicable_rows": 145, "confusion_matrix": [["WD", [["WD", 124], ["New", 2], ["COD", 1]]], ["New", [["New", 5], ["WD", 5]]], ["COD", [["WD", 4]]], ["ConLD", [["WD", 2]]], ["CWD", [["WD", 1]]], ["ConLI", [["WD", 1]]]], "precision_recall_curves": {"WD": {"precision": [0.8819444444444444, 0.8811188811188811, 0.8873239436619719, 0.8936170212765957, 0.9, 0.9064748201438849, 0.9057971014492754, 0.9051094890510949, 0.9117647058823529, 0.9185185185185185, 0.9253731343283582, 0.924812030075188, 0.9318181818181818, 0.9312977099236641, 0.9384615384615385, 0.9457364341085271, 0.953125, 0.9606299212598425, 0.9603174603174603, 0.96, 0.967741935483871, 0.975609756097561, 0.9754098360655737, 0.9752066115702479, 0.975, 0.9747899159663865, 0.9745762711864406, 0.9743589743589743, 0.9741379310344828, 0.9739130434782609, 0.9736842105263158, 0.9823008849557522, 0.9821428571428571, 0.9819819819819819, 0.9818181818181818, 0.981651376146789, 0.9814814814814815, 0.9813084112149533, 0.9811320754716981, 0.9809523809523809, 0.9807692307692307, 0.9805825242718447, 0.9803921568627451, 0.9900990099009901, 0.99, 0.98989898989899, 0.9897959183673469, 1.0, 1.0, 1.0, 1.0, 1.0, 1.0, 1.0, 1.0, 1.0, 1.0, 1.0, 1.0, 1.0, 1.0, 1.0, 1.0, 1.0, 1.0, 1.0, 1.0, 1.0, 1.0, 1.0, 1.0, 1.0, 1.0, 1.0, 1.0, 1.0, 1.0, 1.0, 1.0, 1.0, 1.0, 1.0, 1.0, 1.0, 1.0, 1.0, 1.0, 1.0, 1.0, 1.0, 1.0, 1.0, 1.0, 1.0, 1.0, 1.0, 1.0, 1.0, 1.0, 1.0, 1.0, 1.0, 1.0, 1.0, 1.0, 1.0, 1.0, 1.0, 1.0, 1.0, 1.0, 1.0, 1.0, 1.0, 1.0, 1.0, 1.0, 1.0, 1.0, 1.0, 1.0, 1.0, 1.0, 1.0, 1.0, 1.0, 1.0, 1.0, 1.0, 1.0, 1.0, 1.0, 1.0, 1.0, 1.0, 1.0, 1.0, 1.0, 1.0, 1.0, 1.0, 1.0, 1.0, 1.0, 1.0], "recall": [1.0, 0.9921259842519685, 0.9921259842519685, 0.9921259842519685, 0.9921259842519685, 0.9921259842519685, 0.984251968503937, 0.9763779527559056, 0.9763779527559056, 0.9763779527559056, 0.9763779527559056, 0.968503937007874, 0.968503937007874, 0.9606299212598425, 0.9606299212598425, 0.9606299212598425, 0.9606299212598425, 0.9606299212598425, 0.952755905511811, 0.9448818897637795, 0.9448818897637795, 0.9448818897637795, 0.937007874015748, 0.9291338582677166, 0.9212598425196851, 0.9133858267716536, 0.905511811023622, 0.8976377952755905, 0.889763779527559, 0.8818897637795275, 0.8740157480314961, 0.8740157480314961, 0.8661417322834646, 0.8582677165354331, 0.8503937007874016, 0.84251968503937, 0.8346456692913385, 0.8267716535433071, 0.8188976377952756, 0.8110236220472441, 0.8031496062992126, 0.7952755905511811, 0.7874015748031497, 0.7874015748031497, 0.7795275590551181, 0.7716535433070866, 0.7637795275590551, 0.7637795275590551, 0.7559055118110236, 0.7480314960629921, 0.7401574803149606, 0.7322834645669292, 0.7244094488188977, 0.7165354330708661, 0.7086614173228346, 0.7007874015748031, 0.6929133858267716, 0.6850393700787402, 0.6771653543307087, 0.6692913385826772, 0.6614173228346457, 0.6535433070866141, 0.6456692913385826, 0.6377952755905512, 0.6299212598425197, 0.6220472440944882, 0.6141732283464567, 0.6062992125984252, 0.5984251968503937, 0.5905511811023622, 0.5826771653543307, 0.5748031496062992, 0.5669291338582677, 0.5590551181102362, 0.5511811023622047, 0.5433070866141733, 0.5354330708661418, 0.5275590551181102, 0.5196850393700787, 0.5118110236220472, 0.5039370078740157, 0.49606299212598426, 0.4881889763779528, 0.48031496062992124, 0.47244094488188976, 0.4645669291338583, 0.4566929133858268, 0.44881889763779526, 0.4409448818897638, 0.4330708661417323, 0.4251968503937008, 0.41732283464566927, 0.4094488188976378, 0.4015748031496063, 0.3937007874015748, 0.3858267716535433, 0.3779527559055118, 0.3700787401574803, 0.36220472440944884, 0.3543307086614173, 0.3464566929133858, 0.33858267716535434, 0.33070866141732286, 0.3228346456692913, 0.31496062992125984, 0.30708661417322836, 0.2992125984251969, 0.29133858267716534, 0.28346456692913385, 0.2755905511811024, 0.2677165354330709, 0.25984251968503935, 0.25196850393700787, 0.2440944881889764, 0.23622047244094488, 0.2283464566929134, 0.2204724409448819, 0.2125984251968504, 0.2047244094488189, 0.1968503937007874, 0.1889763779527559, 0.18110236220472442, 0.1732283464566929, 0.16535433070866143, 0.15748031496062992, 0.14960629921259844, 0.14173228346456693, 0.13385826771653545, 0.12598425196850394, 0.11811023622047244, 0.11023622047244094, 0.10236220472440945, 0.09448818897637795, 0.08661417322834646, 0.07874015748031496, 0.07086614173228346, 0.06299212598425197, 0.05511811023622047, 0.047244094488188976, 0.03937007874015748, 0.031496062992125984, 0.023622047244094488, 0.015748031496062992, 0.007874015748031496, 0.0],